<?xml version='1.0' encoding='utf-8'?>
<!DOCTYPE hibernate-configuration PUBLIC
"-//Hibernate/Hibernate Configuration DTD//EN" "http://www.hibernate.org/dtd/hibernate-configuration-3.0.dtd">
<hibernate-configuration>
    <session-factory>
        <property name="hibernate.connection.driver_class">
            com.mysql.jdbc.Driver
        </property>
        <property name="hibernate.connection.url">
            jdbc:mysql://localhost:3306/smartparkingdb
        </property>
 
        <property name="hibernate.connection.username">root</property>
        <property name="hibernate.connection.password">root</property>
        <property name="hibernate.connection.pool_size">50</property>
        <property name="show_sql">true</property>
        <property name="dialect">
            org.hibernate.dialect.MySQLDialect
        </property>

        <mapping class="smartparking.Account"></mapping>
        <mapping class="smartparking.ParkingLot"></mapping>
    </session-factory>
</hibernate-configuration>