<?xml version="1.0" encoding="UTF-8"?>
<project-private xmlns="http://www.netbeans.org/ns/project-private/1">
    <editor-bookmarks xmlns="http://www.netbeans.org/ns/editor-bookmarks/2" lastBookmarkId="0"/>
    <open-files xmlns="http://www.netbeans.org/ns/projectui-open-files/2">
        <group>
            <file>file:/C:/Users/38762/Documents/NetBeansProjects/SmartParking/src/smartparking/ParkingLot.java</file>
            <file>file:/C:/Users/38762/Documents/NetBeansProjects/SmartParking/src/smartparking/mapping.hbm.xml</file>
            <file>file:/C:/Users/38762/Documents/NetBeansProjects/SmartParking/src/smartparking/GUIParking.java</file>
            <file>file:/C:/Users/38762/Documents/NetBeansProjects/SmartParking/src/smartparking/Account.java</file>
        </group>
    </open-files>
</project-private>
