<?xml version="1.0" encoding="utf-8"?>
<!DOCTYPE hibernate-mapping PUBLIC 
 "-//Hibernate/Hibernate Mapping DTD//EN"
 "http://www.hibernate.org/dtd/hibernate-mapping-3.0.dtd">
 
<hibernate-mapping>
    <class name="smartparking.ParkingLot" table="parkinglot">
        <meta attribute="class-description">
            This class contains parking lot info.
        </meta>
        <id name="parkinglot_id" type="int" column="parkinglot_id">
            <generator class="increment"/>
        </id>
        <property name="parkingspot" column="parkingspot" type="int"/>
        <property name="freeparkingspot" column="freeparkingspot" type="int"/>
        <property name="price" column="price" type="double"/>
        <property name="name" column="name" type="string"/>
    </class>
    <class name="smartparking.Account" table="account">
        <meta attribute="class-description">
            This class contains account info.
        </meta>
        <id name="account_id" type="int" column="account_id">
            <generator class="increment"/>
        </id>
        <property name="username" column="username" type="string"/>
        <property name="password" column="password" type="string"/>
    </class>
</hibernate-mapping>